PlayerID,PlayerName,TeamID,Position,BirthDate,Nationality
1,Steven Chambers,1,Defender,1987-07-02,Wallis and Futuna
2,Barry Wilson,1,Goalkeeper,1996-02-23,Australia
3,Andrew Esparza,1,Goalkeeper,1993-10-23,Estonia
4,Tiffany Lane,1,Defender,2003-04-29,Dominica
5,Linda Williams,1,Midfielder,2005-11-17,Montenegro
6,Erika Strickland,1,Forward,2001-12-08,Italy
7,Larry Rodriguez,1,Goalkeeper,2005-12-13,Liechtenstein
8,Tamara Mcclure,1,Midfielder,1986-01-11,Lebanon
9,Phillip Johnson,1,Defender,1998-04-12,Albania
10,Ryan Melton,1,Defender,1998-05-15,Afghanistan
11,Maria Booker,1,Defender,1994-08-05,Bosnia and Herzegovina
12,Catherine Crawford,1,Midfielder,2000-01-19,Brunei Darussalam
13,Zachary Patel,1,Forward,1994-05-13,British Indian Ocean Territory (Chagos Archipelago)
14,Zachary Schneider,1,Midfielder,2000-07-18,Belize
15,Brad Montoya,1,Defender,1991-09-03,French Guiana
16,Casey Bowers,1,Forward,1996-01-13,Guyana
17,Danielle Young,1,Midfielder,1987-04-11,Poland
18,Elizabeth Sims,1,Midfielder,1990-03-13,Korea
19,Samantha Brennan,1,Forward,1991-10-26,Costa Rica
20,Brandon Ewing,1,Goalkeeper,2001-03-10,Lebanon
21,Charles Johnson,1,Goalkeeper,1989-10-11,Lesotho
22,Marc Vance,1,Forward,1997-04-16,Chile
23,Erin Lee,1,Forward,1988-07-08,Armenia
24,Alex Lane,2,Forward,1995-08-09,Turkey
25,Robert Gilbert,2,Goalkeeper,2005-05-11,Swaziland
26,Kari Webster,2,Midfielder,2004-12-23,Seychelles
27,Benjamin Gardner,2,Defender,2008-10-20,Estonia
28,William Harvey,2,Goalkeeper,2005-02-17,Maldives
29,Justin Delgado,2,Defender,2006-02-01,Heard Island and McDonald Islands
30,Patricia Sullivan,2,Defender,2005-06-24,Guadeloupe
31,Jillian Marshall,2,Forward,2005-10-13,Greece
32,Courtney Lindsey,2,Forward,1993-05-01,Nauru
33,Thomas Rodgers,2,Goalkeeper,1997-12-08,Moldova
34,Sharon May,2,Defender,2000-12-16,Thailand
35,Tyler Greer,2,Midfielder,1990-02-09,Mozambique
36,Kevin Finley,2,Defender,2003-12-03,Uruguay
37,Mark Jones,2,Midfielder,2000-11-10,Antigua and Barbuda
38,Natalie Hensley,2,Forward,1989-05-26,Argentina
39,Jackie Nelson,2,Forward,1990-11-08,Austria
40,Kristopher Castillo,2,Midfielder,1994-06-04,Samoa
41,Melinda Lee,2,Goalkeeper,2001-02-12,Suriname
42,Mrs. Laura Galvan,2,Forward,2002-12-11,Nicaragua
43,Lucas Keller,2,Forward,2006-01-21,Liberia
44,Christine Campbell,2,Midfielder,1998-01-27,Norway
45,David Fisher,2,Defender,1986-07-16,Antigua and Barbuda
46,Jaclyn Salazar,2,Forward,1987-04-01,Monaco
47,Angela Johnson,3,Midfielder,2004-02-25,Svalbard & Jan Mayen Islands
48,Manuel Walsh,3,Defender,1999-09-15,Estonia
49,Renee Thomas,3,Midfielder,2005-11-07,Isle of Man
50,Tamara Mills,3,Forward,1993-05-29,Haiti
51,Benjamin Moyer,3,Forward,1998-10-14,Hong Kong
52,Cynthia Ray,3,Goalkeeper,2004-06-24,Bolivia
53,Mrs. Elizabeth Hodges,3,Defender,1995-12-07,Cambodia
54,Jason Hall,3,Midfielder,1987-03-11,Falkland Islands (Malvinas)
55,Jennifer White,3,Goalkeeper,2008-09-25,Isle of Man
56,Kristin Wells PhD,3,Forward,1992-12-30,Vietnam
57,Bryan Hahn,3,Defender,2001-10-29,Malta
58,Alejandro Lewis,3,Goalkeeper,1998-11-06,Uganda
59,Sarah Tanner,3,Goalkeeper,1987-01-07,Macao
60,Mrs. Amy Torres,3,Goalkeeper,2003-09-20,Guam
61,Joseph Cunningham,3,Midfielder,1997-02-12,Rwanda
62,Amanda Jones,3,Defender,1988-01-14,Gibraltar
63,Donna Jackson,3,Forward,2008-08-18,Puerto Rico
64,Jennifer Jimenez,3,Defender,1999-07-29,Kiribati
65,Ryan Wilson,3,Forward,2004-02-25,Paraguay
66,Emily Pearson,3,Defender,1989-08-23,Andorra
67,Daniel Blake,3,Defender,2000-09-25,Gabon
68,Jaime Chapman,3,Forward,1989-03-23,Slovakia (Slovak Republic)
69,James Wise,3,Midfielder,1990-03-31,Eritrea
70,Mary Moreno,4,Defender,2004-11-25,Bermuda
71,Keith Barron,4,Forward,1988-08-08,Lao People's Democratic Republic
72,Daniel Cowan,4,Forward,1991-11-12,Niue
73,Vincent Cox,4,Defender,1996-10-19,Tuvalu
74,Amanda Robinson,4,Forward,1990-06-26,Saint Vincent and the Grenadines
75,Margaret Reid,4,Forward,1995-12-07,Belgium
76,Dr. Danielle Black,4,Defender,1993-03-16,Mayotte
77,Robert Newman,4,Midfielder,1997-05-13,Antigua and Barbuda
78,Phyllis Scott,4,Goalkeeper,1999-04-21,Slovakia (Slovak Republic)
79,Chad Fischer,4,Midfielder,2007-05-26,Panama
80,Christopher Smith,4,Forward,1992-03-11,New Caledonia
81,Jocelyn Terry,4,Forward,1989-06-18,Bangladesh
82,Sandra Davis,4,Defender,2002-07-22,Moldova
83,Mr. Jeffrey Dean DVM,4,Defender,1987-05-18,Djibouti
84,Victoria Morgan,4,Defender,2003-04-27,Ireland
85,Michael Le,4,Goalkeeper,2000-01-26,Korea
86,Caitlin Griffin,4,Midfielder,1993-07-13,Libyan Arab Jamahiriya
87,Matthew Waters,4,Defender,1985-01-06,Morocco
88,Todd Hardy,4,Forward,1992-02-03,Reunion
89,Raymond White,4,Midfielder,1986-08-01,Somalia
90,Christian Suarez,4,Defender,2002-06-21,Bahamas
91,Jackson Wiggins,4,Forward,1996-12-09,Malawi
92,Kristie Washington,4,Midfielder,1998-12-07,Korea
93,Tracy Silva,5,Midfielder,1985-11-01,Malaysia
94,Monica Stone,5,Goalkeeper,2004-03-02,Macedonia
95,Susan Mayer,5,Goalkeeper,2004-05-26,Togo
96,Catherine Garrison,5,Forward,1998-09-22,El Salvador
97,Brandon Jarvis,5,Defender,1986-01-05,Syrian Arab Republic
98,Jessica Davidson,5,Midfielder,2008-03-15,Anguilla
99,Jason Hensley,5,Forward,2002-11-19,Ethiopia
100,Terry Wright,5,Midfielder,1993-06-01,United States of America
101,Samuel Mitchell,5,Midfielder,2006-11-22,Turkmenistan
102,Dylan Hicks,5,Goalkeeper,2002-07-24,Paraguay
103,Tommy Roy,5,Forward,2003-08-30,Guyana
104,Douglas Hernandez,5,Goalkeeper,1998-09-27,Cocos (Keeling) Islands
105,Jacob White,5,Goalkeeper,1993-07-29,Vietnam
106,Elizabeth Case,5,Goalkeeper,1985-08-23,Cambodia
107,Nicole Moore DVM,5,Midfielder,2002-12-01,Sierra Leone
108,Nicholas Murray,5,Defender,1984-06-08,Cote d'Ivoire
109,Jessica Mays,5,Midfielder,1994-07-27,Macao
110,Sarah Stevens,5,Defender,2005-04-13,Congo
111,Phillip Mason,5,Goalkeeper,1999-05-08,Saint Barthelemy
112,Joseph Allen,5,Goalkeeper,2007-12-24,Bahrain
113,Megan Brown,5,Goalkeeper,2006-12-01,Hong Kong
114,Mackenzie Short,5,Defender,1984-01-31,Aruba
115,Zachary Garcia,5,Defender,2003-04-01,Mexico
116,Joseph Santiago DDS,6,Forward,1989-04-21,Panama
117,Emily Perry,6,Defender,1988-02-16,Niger
118,Christopher Baker,6,Forward,2004-10-09,Montenegro
119,Philip Mayo,6,Defender,2002-07-27,Guatemala
120,Angela Best,6,Midfielder,2000-12-07,Bosnia and Herzegovina
121,Felicia Montgomery,6,Midfielder,2004-04-10,Bosnia and Herzegovina
122,Mary Thompson,6,Defender,1987-08-11,Bahamas
123,Nicole Gonzalez,6,Forward,1989-11-14,Costa Rica
124,Jeffrey Miller,6,Goalkeeper,1994-09-23,Italy
125,Kristi Kirk,6,Forward,1999-05-07,Gibraltar
126,Brian Jones,6,Forward,1989-02-03,Kiribati
127,Robert Green,6,Goalkeeper,1997-08-03,Thailand
128,Margaret Estrada,6,Defender,2001-04-05,Singapore
129,Theresa Clark,6,Defender,1992-02-22,Paraguay
130,Miguel Allen,6,Goalkeeper,1998-02-09,Turkey
131,Amber Thomas,6,Forward,2000-02-05,Nigeria
132,Dennis Curtis,6,Forward,2007-04-24,Panama
133,Dawn Branch,6,Midfielder,2004-06-04,Luxembourg
134,Eric Flores,6,Goalkeeper,1997-06-17,Isle of Man
135,Teresa Morris,6,Midfielder,1987-10-05,Trinidad and Tobago
136,Elizabeth Wilcox,6,Midfielder,1992-05-23,France
137,Colleen Lucas,6,Forward,1987-10-03,Italy
138,Matthew Galvan,6,Midfielder,1996-09-14,Montserrat
139,Jennifer Jackson,7,Midfielder,1993-01-12,Montserrat
140,Dawn Fletcher,7,Defender,1986-09-30,Mauritania
141,Heather Tucker,7,Midfielder,1997-12-07,Aruba
142,Carlos Scott,7,Midfielder,1989-07-02,Tonga
143,Melinda Harrington,7,Midfielder,2000-04-01,Myanmar
144,Melissa Wilson,7,Defender,2002-01-18,France
145,Joyce Stone,7,Defender,2002-04-19,Somalia
146,Jenna Richards,7,Defender,2004-10-23,Cayman Islands
147,Debra Newton,7,Midfielder,1998-05-04,Palau
148,James Hoffman,7,Forward,2008-08-22,Western Sahara
149,Jonathan Wade,7,Midfielder,1989-06-01,Gabon
150,Steven Manning,7,Forward,1998-06-19,Liberia
151,Antonio Duarte,7,Midfielder,2008-02-25,Dominican Republic
152,Amanda Dunn,7,Goalkeeper,2003-08-18,Christmas Island
153,Jacob Matthews,7,Defender,1998-05-19,Sri Lanka
154,Shannon Haynes,7,Midfielder,2006-06-15,Germany
155,Donna Lambert,7,Midfielder,1985-05-31,Algeria
156,Roy Li,7,Midfielder,1989-11-14,Angola
157,Christian Evans,7,Goalkeeper,1989-10-26,Venezuela
158,David Anderson,7,Midfielder,1987-05-04,Egypt
159,James Silva,7,Midfielder,2004-02-01,Ireland
160,Ashley Lopez,7,Midfielder,1988-08-23,Canada
161,Mary Sharp,7,Defender,2005-03-03,Belarus
162,Vanessa Webb,8,Defender,2006-01-12,Finland
163,Alexandra Davis,8,Defender,2006-07-27,Estonia
164,Marcus Miller,8,Forward,1998-01-22,Isle of Man
165,Kristin Leonard,8,Goalkeeper,1999-04-29,Bouvet Island (Bouvetoya)
166,Adrian Johnson,8,Midfielder,1994-11-16,Bangladesh
167,Nathan Taylor,8,Defender,2007-10-21,Namibia
168,Michael Perez,8,Midfielder,1995-03-22,Senegal
169,Gail Padilla,8,Defender,1986-10-10,Bulgaria
170,Kendra Hamilton,8,Defender,2003-01-19,Uzbekistan
171,Albert Dunlap,8,Forward,2007-05-02,El Salvador
172,David Morris,8,Goalkeeper,2005-05-13,Niue
173,Brad Hernandez,8,Defender,1997-01-12,Mozambique
174,Richard Taylor,8,Midfielder,2006-09-08,Guyana
175,Philip Clark,8,Midfielder,1992-07-30,Kiribati
176,Cynthia Dixon,8,Defender,2007-11-11,Cote d'Ivoire
177,Tiffany Matthews,8,Goalkeeper,1993-06-22,Korea
178,Deborah Chase,8,Goalkeeper,1998-08-24,Uruguay
179,Terry Murphy,8,Goalkeeper,2002-08-09,Tuvalu
180,Gina Murray,8,Goalkeeper,2007-09-08,Sri Lanka
181,Ronnie Cooper,8,Forward,2000-12-04,Myanmar
182,Diana Smith,8,Forward,2003-08-12,Hong Kong
183,Jordan Torres,8,Goalkeeper,1985-02-11,Montenegro
184,Alexander Dean,8,Goalkeeper,1985-04-10,Guinea-Bissau
185,Melanie Grant,9,Defender,2001-02-18,Turkmenistan
186,Paul Smith,9,Forward,2004-05-18,Nauru
187,Theresa Hansen,9,Goalkeeper,2000-01-31,Korea
188,Tyler Williams,9,Midfielder,2008-10-06,Lithuania
189,Savannah Smith,9,Goalkeeper,1996-12-04,Central African Republic
190,Joyce Black,9,Defender,2006-02-02,Burundi
191,Kaylee Pennington,9,Goalkeeper,1992-06-29,Hong Kong
192,Greg Hester,9,Goalkeeper,1985-11-13,Norway
193,Sherry Kim,9,Forward,2005-04-30,Uzbekistan
194,Haley Burke,9,Goalkeeper,1995-04-25,Gabon
195,Madison Harris,9,Goalkeeper,1985-11-07,Zambia
196,Brian Dodson,9,Defender,2001-12-15,Palestinian Territory
197,Stacey Alexander,9,Midfielder,1984-08-17,Guatemala
198,Eric Cantrell,9,Forward,2007-04-17,Malaysia
199,April Garcia,9,Midfielder,1999-06-29,Belize
200,Jeremiah Rivas,9,Midfielder,1985-11-27,Andorra
201,Jessica Taylor,9,Forward,1988-10-23,Tuvalu
202,Manuel Walker,9,Forward,1991-10-07,Rwanda
203,James Gordon,9,Goalkeeper,1996-05-25,Swaziland
204,Rebecca Hernandez,9,Forward,1998-03-25,Bahamas
205,Vincent Fletcher,9,Goalkeeper,2003-05-09,Turks and Caicos Islands
206,Diana Yu,9,Midfielder,1989-06-01,Micronesia
207,Karen Mitchell,9,Forward,1989-11-11,Bhutan
208,Patrick Ellison,10,Defender,2008-09-09,Uganda
209,Tonya Rosales,10,Midfielder,2002-05-16,Indonesia
210,Richard Barber DDS,10,Defender,2006-09-12,Isle of Man
211,James Hahn,10,Goalkeeper,1990-01-27,Svalbard & Jan Mayen Islands
212,Brandon Wells,10,Goalkeeper,1990-03-23,Turks and Caicos Islands
213,Diane Haley,10,Midfielder,2000-05-18,San Marino
214,Terri Rosario,10,Goalkeeper,2008-02-05,Sri Lanka
215,Nancy Odom,10,Defender,2005-12-24,Western Sahara
216,Mary Hardy,10,Defender,1984-12-06,Nicaragua
217,Toni Craig,10,Goalkeeper,2004-11-05,Suriname
218,Steven Moreno,10,Forward,2003-07-11,Saint Helena
219,Cameron Bean,10,Defender,1990-07-08,Greece
220,Katherine Dyer,10,Goalkeeper,1998-11-29,Guernsey
221,Michele Patel,10,Goalkeeper,1986-07-19,Macedonia
222,Andrew Neal,10,Midfielder,2005-08-05,Spain
223,Robert Mitchell,10,Forward,1991-01-22,Australia
224,Taylor Cuevas,10,Midfielder,1986-06-26,Solomon Islands
225,Mackenzie Hammond,10,Defender,2000-05-08,Papua New Guinea
226,Joshua Hill,10,Defender,2000-07-04,Bhutan
227,Laura Warren,10,Forward,2008-06-14,Equatorial Guinea
228,Joseph Jones,10,Forward,1986-10-15,Mauritania
229,Dennis Anderson,10,Forward,1987-07-15,Jordan
230,Carla Jones,10,Midfielder,1997-01-12,Saint Lucia
231,Brenda Zhang,11,Goalkeeper,1992-03-06,Kyrgyz Republic
232,Jacob Johnson,11,Forward,2004-11-04,China
233,Jessica Conley PhD,11,Defender,1985-12-12,Kiribati
234,Robert Bennett,11,Forward,2005-01-06,Mexico
235,Jeffrey Glover,11,Midfielder,1995-01-24,Kiribati
236,Tracy Conner,11,Goalkeeper,2008-09-14,Saint Pierre and Miquelon
237,Debbie Erickson,11,Goalkeeper,2001-08-12,Faroe Islands
238,Jennifer Davies,11,Forward,2007-07-31,Svalbard & Jan Mayen Islands
239,Hannah Perez,11,Goalkeeper,1990-11-02,Peru
240,Becky Hood,11,Defender,1990-03-06,American Samoa
241,Eric White,11,Forward,1999-06-21,Marshall Islands
242,Linda Ellis,11,Goalkeeper,1985-11-30,United States of America
243,Mr. Jason Taylor,11,Forward,2000-08-06,Burundi
244,Leslie Watson,11,Defender,1997-06-14,Costa Rica
245,Christy Blackburn,11,Goalkeeper,2008-10-17,Eritrea
246,Frederick Adams,11,Goalkeeper,1985-08-16,Montenegro
247,Amy Perez,11,Defender,1988-08-09,Cambodia
248,Samuel Good,11,Forward,1988-08-09,Andorra
249,Sheila Glover,11,Goalkeeper,2003-12-20,Finland
250,Tonya Kelley,11,Defender,2001-08-06,Greece
251,Yvonne Taylor,11,Defender,1992-05-21,Eritrea
252,Mark Warner,11,Midfielder,2008-07-20,French Southern Territories
253,Caitlyn James,11,Midfielder,1999-09-23,Australia
254,Donna Ruiz,12,Goalkeeper,1986-06-07,Slovakia (Slovak Republic)
255,Lindsey Flores,12,Goalkeeper,2004-04-29,United States Virgin Islands
256,Anna Austin,12,Goalkeeper,1996-02-01,Tajikistan
257,Renee Hansen,12,Forward,2001-04-17,Falkland Islands (Malvinas)
258,Sophia Reyes,12,Defender,1998-04-08,Italy
259,Maria Santana,12,Goalkeeper,1994-06-18,Hungary
260,Cheryl Taylor,12,Midfielder,1994-12-10,Jersey
261,Daniel Nichols,12,Goalkeeper,2003-11-12,Thailand
262,Kristen Whitaker,12,Midfielder,1997-04-09,Fiji
263,Jacob Norman,12,Goalkeeper,1986-02-10,Congo
264,Emily Pope,12,Forward,1992-11-29,Niue
265,Nicholas Anderson,12,Defender,2003-02-24,Zimbabwe
266,Scott Clark,12,Goalkeeper,2006-08-20,Seychelles
267,William Moore,12,Forward,2004-06-24,South Africa
268,Kevin Branch,12,Goalkeeper,1989-10-22,Vietnam
269,Greg Taylor,12,Forward,1984-10-04,Philippines
270,Michael Rios,12,Forward,1996-11-22,Rwanda
271,Bobby Lewis,12,Goalkeeper,1988-02-20,Chad
272,John Horton,12,Midfielder,1986-01-26,Lebanon
273,Kim Rubio,12,Forward,1993-03-15,Cuba
274,Richard Anderson,12,Defender,1993-11-08,Faroe Islands
275,Colleen Hayes,12,Goalkeeper,2001-03-12,American Samoa
276,Bobby Villa,12,Forward,1994-10-11,Zambia
277,Chelsea Flores,13,Forward,2003-03-08,United Arab Emirates
278,Matthew Davis,13,Defender,2003-03-18,Angola
279,Victor Johnson,13,Goalkeeper,1989-03-25,United States of America
280,Donna Jones,13,Defender,2004-12-15,Singapore
281,Heather Olson,13,Goalkeeper,1994-09-09,Macedonia
282,Lisa Lopez,13,Forward,1993-05-09,Sri Lanka
283,Gail Conner,13,Defender,2001-12-27,Aruba
284,Kyle Raymond,13,Goalkeeper,1985-02-07,Bahamas
285,Alice Hendrix,13,Midfielder,2002-01-14,Portugal
286,Denise Miller,13,Defender,1994-10-16,Venezuela
287,Terri Hanna,13,Midfielder,1985-10-04,Kenya
288,Clifford Moody,13,Forward,2007-11-30,Iraq
289,Craig Norman,13,Forward,1995-04-17,Palestinian Territory
290,Lydia Schultz,13,Defender,1995-05-07,Reunion
291,Kayla Harris,13,Defender,1994-02-05,Nepal
292,Alexis Mcbride,13,Defender,2001-07-04,Christmas Island
293,Brittany Brown,13,Midfielder,1984-12-08,Serbia
294,Francisco Mills DVM,13,Goalkeeper,1998-06-07,Timor-Leste
295,Donna Hill,13,Goalkeeper,1987-03-02,Botswana
296,Christina Sutton,13,Goalkeeper,2003-01-23,Korea
297,Michelle Price,13,Goalkeeper,1998-05-05,Bermuda
298,Kerri Harris,13,Goalkeeper,1994-02-07,Pitcairn Islands
299,Jack Collins,13,Midfielder,1996-05-12,Senegal
300,Phillip Monroe,14,Forward,2007-01-15,New Caledonia
301,Mrs. Angela Brown,14,Midfielder,2006-05-05,Martinique
302,Carolyn Carlson,14,Goalkeeper,1999-05-06,Gibraltar
303,Michele Wheeler,14,Defender,1996-09-21,Dominica
304,Kristin Frazier,14,Defender,1986-04-09,Trinidad and Tobago
305,Judy Hall,14,Forward,1992-10-29,Congo
306,Christopher Galloway,14,Midfielder,1987-06-09,Palestinian Territory
307,Cameron Contreras,14,Defender,1994-05-09,Dominican Republic
308,Preston George,14,Defender,2001-08-12,Antarctica (the territory South of 60 deg S)
309,David Garcia,14,Forward,1991-03-06,Jamaica
310,David Adkins,14,Forward,2002-02-02,Costa Rica
311,Susan Rice,14,Midfielder,2005-08-31,Czech Republic
312,Mandy Moore,14,Goalkeeper,2006-06-25,Uzbekistan
313,Patrick Weber,14,Goalkeeper,2005-06-29,Syrian Arab Republic
314,Kimberly Reyes,14,Forward,2005-01-18,Dominican Republic
315,James Torres,14,Goalkeeper,1987-07-15,Algeria
316,Laura Knight,14,Defender,1985-10-27,Burkina Faso
317,Xavier Thompson,14,Goalkeeper,1984-06-03,Kiribati
318,Gregory Anderson,14,Midfielder,1990-11-06,Cuba
319,Heather Greene,14,Forward,1994-10-15,Korea
320,Daryl Ortiz,14,Defender,2002-05-13,Montserrat
321,Benjamin Fleming,14,Forward,1992-08-01,Botswana
322,Amy Green,14,Forward,2000-05-27,Tonga
323,Sydney Travis,15,Defender,2005-07-22,El Salvador
324,Natalie Harmon,15,Goalkeeper,2004-12-04,Kazakhstan
325,Roger Baxter,15,Midfielder,2006-06-17,Equatorial Guinea
326,Joseph Hamilton,15,Goalkeeper,1991-01-12,Nepal
327,Jo Thompson,15,Goalkeeper,2001-12-24,Liberia
328,Stephanie Clark,15,Goalkeeper,1989-09-21,Ireland
329,Laurie Townsend,15,Goalkeeper,1999-06-17,Niue
330,Holly Mann,15,Goalkeeper,2005-06-13,Botswana
331,Travis Hunter,15,Forward,1991-01-31,Turkmenistan
332,Taylor Aguilar,15,Forward,1986-05-20,Solomon Islands
333,Courtney Cooke,15,Forward,2002-04-18,Guyana
334,Rebecca Myers,15,Defender,2004-04-01,Equatorial Guinea
335,Benjamin Mcdonald,15,Goalkeeper,2002-05-29,Madagascar
336,Sarah Leon,15,Goalkeeper,1991-01-26,Italy
337,Krista Frazier,15,Goalkeeper,1986-03-26,Kenya
338,Dylan Carpenter,15,Midfielder,2005-11-08,Gabon
339,Amanda Holden,15,Forward,1998-05-24,Brazil
340,Craig Lynch,15,Goalkeeper,1994-04-06,French Guiana
341,Brittney Kim,15,Forward,1984-01-21,Gabon
342,Elizabeth Robinson,15,Forward,2008-07-24,Rwanda
343,Stacey Norris,15,Midfielder,2008-08-31,Ghana
344,Megan Chambers,15,Midfielder,1987-03-07,Saint Helena
345,Ruth Tyler,15,Defender,1996-07-08,American Samoa
346,Troy Foley,16,Midfielder,1986-10-31,Cook Islands
347,Samuel Carroll,16,Defender,1998-09-23,Andorra
348,Patty Carlson,16,Midfielder,1995-01-14,Liechtenstein
349,Shelby Schmitt,16,Defender,1996-09-14,Liechtenstein
350,Pamela Smith,16,Defender,1999-12-28,Latvia
351,Brandon Gonzalez,16,Midfielder,1986-07-10,Greenland
352,Madison Armstrong,16,Midfielder,1992-10-02,Somalia
353,Dennis Miller,16,Defender,2008-05-07,New Zealand
354,Michael Banks,16,Midfielder,1993-06-13,Bermuda
355,Julia Franklin,16,Defender,1999-06-16,Macedonia
356,Jennifer Ochoa,16,Defender,2007-06-01,Malawi
357,Lori Smith DDS,16,Forward,1998-07-28,Croatia
358,Michael Castillo,16,Goalkeeper,1984-05-26,Saint Pierre and Miquelon
359,Stephanie Allison,16,Goalkeeper,1994-09-04,Chad
360,Erica Hudson,16,Goalkeeper,1999-02-26,Ghana
361,Michelle Herman,16,Forward,1998-02-04,Netherlands Antilles
362,Dustin Mclaughlin,16,Forward,1993-02-24,Zambia
363,John Cobb,16,Forward,1999-08-19,Congo
364,Sheila Lane,16,Midfielder,1997-06-01,Saint Lucia
365,Rachel Anderson,16,Goalkeeper,1990-06-28,New Zealand
366,David Pittman,16,Midfielder,1991-11-16,France
367,Evan Richardson,16,Midfielder,1996-05-03,Bosnia and Herzegovina
368,Brandon Flores,16,Midfielder,1988-05-07,Cape Verde
369,Paul Martin,17,Forward,1995-09-15,Equatorial Guinea
370,Brandi Cummings,17,Goalkeeper,2005-04-26,Serbia
371,Kimberly Moss,17,Midfielder,1995-06-25,United States Minor Outlying Islands
372,Mary Smith,17,Midfielder,1996-08-13,Singapore
373,Theresa Oneal,17,Forward,1996-07-15,Italy
374,Crystal Alexander PhD,17,Midfielder,1996-07-13,Christmas Island
375,John Diaz,17,Forward,2001-01-15,Nauru
376,Crystal Johnson,17,Midfielder,2003-09-04,Egypt
377,Peter Christensen,17,Goalkeeper,1993-10-19,Azerbaijan
378,John Scott,17,Forward,1986-09-10,Indonesia
379,Ruth Benson,17,Midfielder,1995-11-06,Indonesia
380,Alexis Anderson,17,Defender,1988-01-27,Syrian Arab Republic
381,Rachel Taylor,17,Goalkeeper,1991-05-10,Antigua and Barbuda
382,Brenda Butler,17,Goalkeeper,1999-11-09,Ireland
383,Emily Mcknight,17,Midfielder,2000-10-25,Ecuador
384,Gavin Price,17,Forward,1985-04-28,Bahrain
385,Justin Santiago,17,Defender,2001-07-27,Bangladesh
386,Amy White,17,Forward,1989-04-08,Aruba
387,Kristy Allison,17,Goalkeeper,2004-08-10,Gabon
388,John Hartman,17,Midfielder,2008-01-31,Netherlands
389,Natasha Houston,17,Defender,1993-03-30,Peru
390,Matthew Owens,17,Midfielder,1984-11-26,Peru
391,Aaron Campbell,17,Forward,2005-08-27,Bahrain
392,Kathryn Wilkins,18,Goalkeeper,2002-10-15,Faroe Islands
393,Alyssa Mccarty,18,Defender,2001-12-15,French Guiana
394,Chelsea Rodriguez,18,Defender,1989-08-17,Burundi
395,Lauren Day,18,Defender,1994-07-03,Venezuela
396,Cynthia Richard,18,Forward,1994-07-03,Mongolia
397,Monique Roberson,18,Defender,2004-03-11,Costa Rica
398,Jonathan Robinson,18,Goalkeeper,1989-01-11,Benin
399,Elizabeth Lopez,18,Defender,1986-01-01,Myanmar
400,Allison Lewis,18,Forward,1999-03-11,Hungary
401,Daniel Arellano,18,Defender,1986-11-30,Austria
402,Kayla Hamilton,18,Forward,1985-01-09,Zimbabwe
403,Amy Martin,18,Defender,2005-11-01,Monaco
404,Jeffrey Clark,18,Midfielder,2002-10-24,Bahrain
405,Dean Carter,18,Defender,1991-04-09,Mauritania
406,Amber Mcpherson,18,Midfielder,1999-04-16,Niger
407,Jake Holland,18,Midfielder,2002-02-07,Solomon Islands
408,Randall Woods,18,Forward,2004-02-06,Burundi
409,Cindy Morgan,18,Midfielder,1988-04-04,Marshall Islands
410,Meghan Williamson,18,Midfielder,1990-10-11,Argentina
411,Jeffrey Padilla,18,Midfielder,1983-12-28,Saint Kitts and Nevis
412,Lori Jennings,18,Goalkeeper,1995-03-26,Lithuania
413,Jacob Frank,18,Goalkeeper,1997-08-21,Malawi
414,Chad Long,18,Goalkeeper,2002-07-18,Kiribati
415,Alexandra Phillips,19,Defender,2001-08-28,Svalbard & Jan Mayen Islands
416,Tyler Zimmerman,19,Forward,1984-09-19,Guadeloupe
417,Daniel Weeks,19,Forward,2006-03-11,Andorra
418,Sharon Garcia,19,Forward,2004-07-05,Sweden
419,Linda Robinson,19,Defender,1997-10-02,Haiti
420,Elizabeth Rivera,19,Midfielder,1994-01-21,Cook Islands
421,Sandra Yoder,19,Midfielder,2001-01-10,Western Sahara
422,Jillian Ward,19,Forward,1987-03-30,Korea
423,Steven Torres,19,Midfielder,1995-10-20,Samoa
424,Keith Johnson,19,Goalkeeper,2000-08-06,Afghanistan
425,Kevin Gonzalez,19,Forward,2005-01-11,United States Virgin Islands
426,April Mendoza,19,Midfielder,1991-09-12,New Zealand
427,Clinton Floyd,19,Defender,1996-10-23,Saint Barthelemy
428,Brian Humphrey,19,Goalkeeper,2005-04-29,Lesotho
429,Randy Smith,19,Defender,1989-04-24,Greece
430,Samantha Cole,19,Defender,2005-08-17,Cyprus
431,Wendy Moore,19,Forward,2000-06-27,Italy
432,Colleen Frank,19,Forward,1999-07-05,Morocco
433,Jeffery Robles,19,Forward,2007-09-25,Japan
434,Tracy Mack,19,Defender,1996-08-29,Liechtenstein
435,Alyssa Mcdonald,19,Forward,2003-12-30,Afghanistan
436,Sarah White,19,Defender,1986-05-13,Russian Federation
437,Melanie Fernandez,19,Defender,2008-02-19,Seychelles
438,Audrey Rodriguez,20,Goalkeeper,1994-07-17,Tonga
439,Dr. John Barker,20,Defender,2004-10-17,Tunisia
440,Stacy Martin,20,Forward,1994-10-23,Georgia
441,Curtis Morris,20,Defender,1994-11-10,Slovakia (Slovak Republic)
442,Robert Rodriguez,20,Defender,1984-10-01,Armenia
443,Stephanie Barker,20,Midfielder,1988-07-16,Bahrain
444,Stacy Lindsey,20,Forward,1995-06-18,Moldova
445,Erin Bailey,20,Goalkeeper,1988-09-27,Bangladesh
446,Robert Franklin,20,Defender,1991-02-12,Thailand
447,Donna Howard,20,Goalkeeper,1984-11-21,Peru
448,Justin Jones,20,Midfielder,1985-09-19,Canada
449,Russell Hernandez,20,Midfielder,2003-01-21,Chile
450,Ashley Patel,20,Midfielder,2001-11-19,Micronesia
451,Kathy York,20,Forward,2007-08-23,Latvia
452,Stephanie Scott,20,Defender,2004-01-08,Madagascar
453,Billy Wood,20,Midfielder,1984-08-31,Mauritania
454,Devon Huff,20,Forward,1997-04-30,Micronesia
455,Lisa Powell,20,Defender,1988-01-14,Kyrgyz Republic
456,William Williams,20,Defender,1985-08-29,Burundi
457,Jennifer Bryant,20,Forward,1997-12-11,Venezuela
458,Dana Smith,20,Forward,1985-01-19,Somalia
459,Justin Mendoza,20,Midfielder,2006-03-30,Svalbard & Jan Mayen Islands
460,Susan Edwards,20,Defender,1999-12-15,Niue
461,Robert Smith,21,Midfielder,2006-05-14,Iceland
462,Matthew Hogan,21,Goalkeeper,2000-01-20,Netherlands
463,Gary Harris,21,Defender,1991-11-21,Mexico
464,Nicole Ross,21,Forward,2006-03-14,Antarctica (the territory South of 60 deg S)
465,Christy Poole,21,Forward,2007-05-29,Montserrat
466,Jacob Carson,21,Forward,1994-09-27,Mozambique
467,Jesus Jones,21,Goalkeeper,2007-12-06,Pakistan
468,Larry Rivas,21,Forward,2005-01-04,Bangladesh
469,Gary Ryan,21,Defender,1987-09-26,Jamaica
470,Spencer Wright,21,Midfielder,1985-02-04,Fiji
471,Frederick Roberts,21,Midfielder,2008-02-01,Bahrain
472,Sarah Patel,21,Goalkeeper,2004-03-08,Costa Rica
473,Grace George,21,Forward,1990-03-10,Guinea
474,Richard Cook,21,Forward,1995-05-29,Korea
475,Candace Stone,21,Forward,1997-07-20,Tunisia
476,Matthew Diaz,21,Midfielder,1997-03-03,Burkina Faso
477,Aaron Miller,21,Midfielder,2008-01-18,Mongolia
478,David Daniels,21,Midfielder,1989-08-27,Latvia
479,Scott White,21,Midfielder,1998-11-18,Greece
480,Rachel Rivera,21,Forward,1990-05-08,Rwanda
481,Rhonda Anderson,21,Forward,2002-08-27,Albania
482,James Olsen,21,Midfielder,2003-01-13,Vietnam
483,Tiffany Campbell,21,Midfielder,1992-08-23,Tokelau
484,Erin Lopez,22,Forward,1986-04-11,Hungary
485,Steven Flores,22,Midfielder,2003-04-11,Saint Kitts and Nevis
486,Ernest Garcia,22,Forward,1996-03-22,Saint Pierre and Miquelon
487,Lori Lewis,22,Forward,2001-10-07,Fiji
488,Richard Jones,22,Goalkeeper,1995-12-25,Saint Vincent and the Grenadines
489,Jacob Jones,22,Goalkeeper,1998-07-23,Germany
490,Mr. Brett Norton,22,Forward,2000-11-24,Philippines
491,Alex Petersen,22,Midfielder,1989-04-19,Aruba
492,Christina Perkins,22,Midfielder,2000-12-04,Macedonia
493,Robert Gordon,22,Forward,2000-11-24,Togo
494,Laura Mason,22,Goalkeeper,2005-06-04,Niue
495,Rebecca Powell,22,Midfielder,1994-01-02,Argentina
496,John Knox,22,Midfielder,1984-02-05,Svalbard & Jan Mayen Islands
497,Jessica Washington,22,Forward,1986-01-06,Lebanon
498,Jesse Higgins,22,Forward,2002-05-22,Western Sahara
499,Alyssa Daugherty,22,Goalkeeper,1993-08-14,Trinidad and Tobago
500,Emily Anderson,22,Midfielder,2007-11-10,French Southern Territories
501,Mark Williamson,22,Goalkeeper,1996-12-03,Botswana
502,Andrea Andrews,22,Forward,1986-07-21,Honduras
503,Sarah Perez,22,Forward,2007-03-11,Dominica
504,Samantha Ramirez,22,Goalkeeper,1991-11-06,Brunei Darussalam
505,Grant Meyer,22,Goalkeeper,1999-06-19,Italy
506,Matthew Martinez MD,22,Goalkeeper,2008-01-17,Rwanda
507,Kevin Galloway,23,Forward,2007-11-17,Philippines
508,Collin Allen,23,Forward,1997-10-30,Jamaica
509,Tiffany Clark,23,Midfielder,2007-10-22,United Arab Emirates
510,Katelyn Delgado,23,Goalkeeper,1987-04-30,Swaziland
511,Nicholas Thomas,23,Goalkeeper,1999-05-24,Armenia
512,Aaron Atkinson,23,Defender,1994-09-20,Italy
513,William Edwards,23,Goalkeeper,1984-07-12,Saint Lucia
514,Steven Hayden,23,Forward,1986-07-28,Cambodia
515,Brian Jones,23,Forward,1989-11-03,Liechtenstein
516,Mrs. Susan Carpenter,23,Midfielder,1993-04-05,Grenada
517,Cameron Johnston,23,Defender,1998-06-24,Liberia
518,Jasmine Young,23,Defender,1986-05-04,Trinidad and Tobago
519,Vanessa Stanley,23,Forward,1994-12-16,Madagascar
520,Justin Russell,23,Forward,1985-06-11,Tunisia
521,Randall Moore,23,Defender,1989-09-03,Hungary
522,Emma Martinez,23,Goalkeeper,1992-11-19,Cayman Islands
523,Toni Davis,23,Goalkeeper,2007-04-27,Nigeria
524,Blake Rhodes MD,23,Midfielder,1989-01-31,Oman
525,Victor Cruz,23,Defender,2004-10-14,Cook Islands
526,Cynthia Prince,23,Goalkeeper,1984-10-19,Madagascar
527,Hayden Day,23,Forward,2003-06-27,Saint Barthelemy
528,Sheri Martinez,23,Defender,1987-05-15,Vietnam
529,Manuel Frank,23,Goalkeeper,1996-02-29,Palestinian Territory
530,Ann Rodriguez,24,Goalkeeper,2000-02-28,Colombia
531,Mason Haynes,24,Midfielder,2000-02-08,Iceland
532,Glenn Copeland,24,Goalkeeper,1999-05-03,Micronesia
533,Yolanda Fisher,24,Goalkeeper,1990-04-28,Guam
534,Collin Wood,24,Midfielder,2007-11-13,Cambodia
535,Tracy Jimenez,24,Defender,1999-03-28,Yemen
536,Jamie Soto,24,Goalkeeper,2004-01-22,Taiwan
537,Emily James,24,Defender,2008-08-30,Mali
538,Lisa Bender,24,Midfielder,1989-05-14,Iraq
539,Mrs. Abigail Fuentes MD,24,Midfielder,1997-07-12,Argentina
540,Jose Campbell,24,Goalkeeper,1987-10-30,Jamaica
541,Larry Ewing,24,Forward,1986-12-28,Benin
542,Carmen Miller,24,Midfielder,2003-09-09,Bouvet Island (Bouvetoya)
543,Anthony Hughes,24,Forward,2007-12-12,Saint Martin
544,Eric Ramirez,24,Defender,1998-06-21,Czech Republic
545,Arthur Forbes,24,Defender,1991-09-23,Kenya
546,Brian Berry,24,Goalkeeper,2005-04-08,Brazil
547,Micheal Nguyen,24,Goalkeeper,1995-08-19,Israel
548,Martin Howe,24,Midfielder,1994-04-25,Suriname
549,Daniel Walters,24,Midfielder,1990-11-06,Antigua and Barbuda
550,Nathan Robinson,24,Defender,2000-05-02,Mauritius
551,Richard Edwards,24,Defender,2001-06-15,Western Sahara
552,Mrs. Anne Huff,24,Defender,2000-10-03,Nauru
553,Eric Bell,25,Midfielder,1986-09-26,Bahamas
554,Melissa Gonzales,25,Defender,1991-01-10,Spain
555,Mike Gonzales,25,Forward,1985-07-12,Malaysia
556,Katherine Diaz,25,Midfielder,2005-01-18,Congo
557,Michael Hurst,25,Goalkeeper,2006-01-15,Solomon Islands
558,Norman Thompson,25,Forward,1999-01-10,Jamaica
559,Jamie Larson,25,Forward,1986-04-11,Guatemala
560,Jason Davidson,25,Defender,1985-11-12,Belize
561,Ross Foster,25,Defender,1991-03-18,Luxembourg
562,Roy Marsh,25,Goalkeeper,1986-12-17,Canada
563,Sandra Diaz,25,Forward,1989-06-11,Portugal
564,Jo Palmer,25,Forward,1992-05-04,Congo
565,Christopher Walker,25,Defender,2004-01-06,Armenia
566,Ruben Marshall,25,Goalkeeper,2005-01-27,Ghana
567,Dr. Deanna Bauer,25,Forward,1998-05-02,Mongolia
568,Crystal Smith,25,Forward,2004-11-28,Niger
569,Mr. Craig Miller,25,Midfielder,1992-08-10,Saint Barthelemy
570,Jaime Myers,25,Midfielder,1998-11-28,Venezuela
571,Anthony Sullivan,25,Forward,2004-12-11,Mauritius
572,Johnathan Rogers,25,Defender,2008-08-21,Finland
573,Jack Taylor,25,Midfielder,2007-10-02,Saint Helena
574,Kellie Collins,25,Midfielder,1984-04-14,Bermuda
575,Laura West,25,Defender,2006-10-23,Ghana
576,Lisa Howe,26,Forward,1985-01-05,Lithuania
577,Robert Ellis,26,Forward,1992-01-21,Suriname
578,Barbara Barker,26,Goalkeeper,1985-12-09,Cayman Islands
579,Matthew Murray,26,Forward,2000-05-12,Namibia
580,Carol Smith,26,Forward,1984-08-24,Guernsey
581,Tina Warren,26,Midfielder,2007-11-20,Ecuador
582,Tammy Carlson,26,Midfielder,1990-01-14,Cambodia
583,Jesse Beasley,26,Midfielder,2004-02-18,Liberia
584,Kenneth Schneider,26,Goalkeeper,1987-10-02,Suriname
585,Kristen Garcia,26,Defender,1989-03-04,Guernsey
586,Patrick Lee,26,Defender,2003-02-12,Namibia
587,Jennifer Cruz,26,Midfielder,1997-08-16,Nepal
588,Amanda Jones,26,Goalkeeper,1993-11-09,Kenya
589,Chelsea Allen,26,Midfielder,2004-06-05,South Georgia and the South Sandwich Islands
590,Benjamin Martinez,26,Forward,1984-02-05,Sudan
591,Traci Anderson,26,Defender,1996-05-31,Guam
592,Nathan Swanson,26,Defender,1997-04-16,Lithuania
593,Jordan Walters,26,Forward,2006-12-09,Chile
594,Holly Mason,26,Goalkeeper,1991-11-28,Guyana
595,Alicia Rodriguez,26,Goalkeeper,1997-04-24,Bahrain
596,Bethany King,26,Goalkeeper,1994-04-30,Peru
597,Heather Cabrera,26,Forward,1990-05-09,Heard Island and McDonald Islands
598,Mary Hart,26,Forward,1985-02-19,Fiji
599,Jeanne Pierce,27,Midfielder,1984-09-16,Turkey
600,Lydia Hodge,27,Forward,2005-05-29,Montenegro
601,Aaron Obrien,27,Goalkeeper,2002-10-19,Anguilla
602,Marie West,27,Goalkeeper,1988-03-16,Tajikistan
603,Nathan Cruz,27,Goalkeeper,1999-01-04,Uzbekistan
604,Mr. Travis Wallace,27,Forward,1985-12-20,French Guiana
605,Robert Thompson,27,Forward,1996-08-08,Faroe Islands
606,Vincent Stewart,27,Defender,1994-10-30,Malta
607,Victor Welch,27,Defender,2008-04-20,Brunei Darussalam
608,Franklin Contreras,27,Defender,1991-01-27,Germany
609,Albert Sanders Jr.,27,Midfielder,1997-07-06,Lesotho
610,Steven Roberts,27,Forward,2001-09-21,French Southern Territories
611,Elizabeth Thompson,27,Goalkeeper,2004-12-10,Dominican Republic
612,Kevin Smith II,27,Forward,1993-10-25,India
613,Kristin Mullins,27,Goalkeeper,2008-09-04,India
614,Samuel Santos,27,Forward,2000-11-24,Bouvet Island (Bouvetoya)
615,Rebecca Dillon,27,Goalkeeper,1990-03-16,Jamaica
616,Michelle Pace,27,Forward,2002-06-12,Belgium
617,Daniel Douglas,27,Midfielder,1989-04-13,New Zealand
618,Rose Perkins,27,Forward,1987-06-10,Algeria
619,Jason Henderson,27,Midfielder,2006-03-03,New Zealand
620,Sara Martin,27,Goalkeeper,1986-08-04,Niger
621,Steven Bartlett,27,Goalkeeper,1993-01-26,French Polynesia
622,Nancy Ortega,28,Defender,2005-09-04,French Polynesia
623,Alicia Perez,28,Forward,1990-10-25,Benin
624,Joseph Frank,28,Defender,2000-04-17,Martinique
625,Julie Johnson,28,Midfielder,1995-12-11,Saint Pierre and Miquelon
626,Alexandra Miller,28,Goalkeeper,1988-10-05,Guernsey
627,Carolyn Nash,28,Forward,1986-10-29,Ecuador
628,April Robinson DVM,28,Midfielder,1984-12-29,Trinidad and Tobago
629,Heather Williams,28,Goalkeeper,1991-01-01,Cameroon
630,Teresa Griffin,28,Goalkeeper,1997-11-05,Norway
631,Mrs. Cassandra Hoover,28,Defender,2003-11-10,Croatia
632,Kristin Lopez,28,Forward,1997-11-13,Slovakia (Slovak Republic)
633,Susan Acevedo,28,Defender,1993-03-25,Niger
634,Joseph James,28,Goalkeeper,1998-05-15,Moldova
635,Lindsay Salas,28,Defender,1992-10-17,Angola
636,Michelle Mercer,28,Midfielder,2008-10-08,Vanuatu
637,Kimberly Walton,28,Goalkeeper,2002-11-01,Ukraine
638,Albert Cruz,28,Goalkeeper,1991-09-19,Ireland
639,James May,28,Forward,1988-02-13,British Indian Ocean Territory (Chagos Archipelago)
640,Kevin Adams,28,Goalkeeper,1989-11-25,Namibia
641,Brandy Campbell,28,Defender,1988-10-17,Taiwan
642,Charles Spencer,28,Forward,1985-10-06,Antigua and Barbuda
643,Laura Martinez,28,Defender,1999-05-12,Bolivia
644,Shannon Coleman,28,Midfielder,2003-06-07,Benin
645,Julie Poole,29,Goalkeeper,1985-11-06,Israel
646,Laura Peterson,29,Goalkeeper,1991-03-25,Belgium
647,Kelly Alexander,29,Forward,1991-04-30,Greenland
648,Laura Johnson,29,Midfielder,1991-07-30,Guyana
649,Kenneth Smith,29,Midfielder,1995-04-23,Thailand
650,Michael Nguyen,29,Forward,1991-10-01,Belgium
651,Cynthia Graham,29,Defender,1994-01-02,Norway
652,Paul Clark,29,Forward,2000-04-15,Wallis and Futuna
653,April Werner,29,Goalkeeper,2004-12-16,Liberia
654,Paul Hernandez,29,Goalkeeper,1998-10-03,Iraq
655,Corey Spears,29,Forward,1991-02-07,Guinea
656,Rebecca Frazier,29,Defender,1984-12-12,Burkina Faso
657,Antonio Smith,29,Defender,1995-11-25,Cote d'Ivoire
658,Teresa Richardson,29,Goalkeeper,1985-06-26,Mauritius
659,Cody Martin,29,Defender,1992-11-27,Austria
660,David Green,29,Forward,2004-09-20,South Georgia and the South Sandwich Islands
661,Erica Webster,29,Defender,2008-03-26,New Zealand
662,Deborah Shea,29,Defender,1999-09-12,Burundi
663,Raymond Barnes,29,Goalkeeper,2004-08-10,United Kingdom
664,Samantha Mitchell,29,Forward,1984-06-04,British Indian Ocean Territory (Chagos Archipelago)
665,Jenny Bryant,29,Defender,1990-05-02,Niue
666,Claudia Richardson,29,Midfielder,1999-05-05,Bhutan
667,Ruth Perez,29,Forward,1996-03-05,Italy
668,Adam Anderson,30,Defender,1988-05-27,Saudi Arabia
669,Ernest Ruiz,30,Defender,2001-07-27,Honduras
670,Melanie Brooks,30,Goalkeeper,2000-07-26,British Indian Ocean Territory (Chagos Archipelago)
671,David Jacobs,30,Defender,1995-04-17,Haiti
672,Michael Rodriguez,30,Defender,2007-01-01,Somalia
673,Dr. Mark White,30,Midfielder,1997-07-17,Liechtenstein
674,George Cross,30,Forward,1990-11-18,Austria
675,Richard Silva,30,Midfielder,1995-12-21,Burkina Faso
676,Eric Evans,30,Goalkeeper,2004-06-29,Maldives
677,Antonio Henderson,30,Forward,1998-09-25,Malaysia
678,Cynthia Williams,30,Midfielder,1993-12-08,Grenada
679,Nicole Garcia,30,Defender,1996-11-03,Albania
680,Alexander Carr,30,Midfielder,1999-12-16,Guam
681,Scott Hoffman,30,Goalkeeper,1987-03-16,Nepal
682,Erika Finley,30,Midfielder,2006-02-18,Netherlands Antilles
683,Kathleen Dodson,30,Midfielder,1995-07-24,Albania
684,Nathan Little,30,Goalkeeper,1998-12-01,Russian Federation
685,Michele Carter,30,Forward,2006-03-11,Falkland Islands (Malvinas)
686,Nathaniel Mcdaniel,30,Goalkeeper,1994-04-30,Christmas Island
687,Matthew Armstrong,30,Midfielder,2001-02-26,Azerbaijan
688,Zachary Ochoa,30,Forward,1985-10-15,Tuvalu
689,Gregory Adams,30,Forward,1985-04-03,Malaysia
690,Jordan Smith,30,Midfielder,1994-12-02,Malawi
691,Scott Bartlett,31,Midfielder,1990-08-28,Guyana
692,Kristine Ferguson,31,Midfielder,2003-09-05,Qatar
693,Jasmine Ortega,31,Goalkeeper,1990-04-15,Argentina
694,Mrs. Jennifer Miller,31,Midfielder,2008-10-11,San Marino
695,Mark Moreno,31,Goalkeeper,1991-02-19,Holy See (Vatican City State)
696,Ashley Collins,31,Goalkeeper,1985-11-29,Venezuela
697,Charles Wolfe,31,Goalkeeper,1985-08-29,Monaco
698,Kathleen Lawson,31,Defender,1994-09-28,Heard Island and McDonald Islands
699,James Gordon,31,Goalkeeper,1997-02-04,Kiribati
700,Jessica Cummings,31,Midfielder,1986-06-28,Indonesia
701,Cynthia Roberts,31,Midfielder,1990-02-19,Albania
702,Patricia Tran,31,Forward,2007-07-04,Tajikistan
703,Lisa Collins,31,Goalkeeper,1996-06-01,Indonesia
704,Jason Gaines,31,Forward,1993-10-29,Israel
705,Amy Forbes,31,Defender,1997-07-21,Guyana
706,Lindsay Thompson,31,Midfielder,2002-05-17,Somalia
707,Lonnie Hamilton,31,Defender,1985-02-28,Germany
708,James Mendoza,31,Goalkeeper,1985-12-13,Brazil
709,Michael Phillips,31,Defender,1992-05-28,Jersey
710,Jean Flores,31,Defender,1988-03-29,Northern Mariana Islands
711,Walter Clay,31,Forward,1994-01-10,South Georgia and the South Sandwich Islands
712,John Craig,31,Defender,2003-08-30,Thailand
713,William Jordan,31,Goalkeeper,1995-01-25,Saint Helena
714,Amanda Stuart,32,Midfielder,1988-03-06,Costa Rica
715,Dennis Lowe,32,Midfielder,1993-01-18,Martinique
716,Terry Merritt,32,Forward,2004-04-22,Saint Helena
717,John Thompson,32,Defender,1999-11-23,Spain
718,Roger Fowler,32,Defender,1994-01-05,Nicaragua
719,Joanne Thomas,32,Goalkeeper,2000-02-19,Lesotho
720,Erin Burns,32,Forward,1991-01-30,Turkey
721,Jennifer Schmidt,32,Goalkeeper,1987-09-01,Liechtenstein
722,David Watkins,32,Goalkeeper,2005-11-17,Sudan
723,Christopher Green,32,Goalkeeper,1999-12-08,Aruba
724,Michael Nelson,32,Defender,2002-11-13,Serbia
725,Michael Curtis,32,Midfielder,2006-09-09,Equatorial Guinea
726,Amy Ruiz,32,Goalkeeper,1996-11-24,Panama
727,Jordan Lee,32,Midfielder,2005-10-04,Botswana
728,Jason Spence,32,Midfielder,1988-10-10,United Kingdom
729,Mary Patrick,32,Midfielder,2002-05-08,Syrian Arab Republic
730,Carolyn Brown,32,Goalkeeper,1990-01-20,Tokelau
731,Lauren Fischer,32,Defender,2007-05-22,Isle of Man
732,Linda Burch,32,Midfielder,1991-10-20,Paraguay
733,Sarah Hicks,32,Midfielder,1992-01-25,Czech Republic
734,Lori Cobb,32,Defender,1991-03-26,Philippines
735,Dale Barnes,32,Goalkeeper,1998-12-08,Togo
736,Rhonda Hill,32,Defender,1987-07-12,Nigeria
737,Justin Williams,33,Defender,2006-12-27,Gabon
738,Jonathan Jones,33,Midfielder,2006-11-12,Iraq
739,David Phillips,33,Midfielder,1991-11-04,El Salvador
740,Meagan Ray,33,Goalkeeper,1988-04-18,New Zealand
741,Sheri Robinson,33,Goalkeeper,1995-12-29,Namibia
742,Kurt Gonzalez,33,Goalkeeper,1996-01-31,Benin
743,Caroline Gonzalez,33,Forward,2004-01-17,Egypt
744,Peter Jones,33,Forward,1988-08-24,United Arab Emirates
745,Kelly Williams,33,Forward,1985-01-23,Nepal
746,Aaron Acosta,33,Forward,1993-10-09,Guyana
747,Laura Clarke,33,Defender,1992-08-31,Yemen
748,Amy Friedman,33,Forward,2008-04-19,Saint Kitts and Nevis
749,Sarah Peterson,33,Forward,1992-02-07,Anguilla
750,Charles Taylor,33,Goalkeeper,1989-01-21,Cook Islands
751,Michael Jackson,33,Midfielder,2001-12-04,Sweden
752,Collin Morris,33,Defender,1989-05-10,Poland
753,Rebecca Powers,33,Goalkeeper,2001-11-04,Bosnia and Herzegovina
754,Tammy Perry,33,Defender,1986-01-09,Argentina
755,Amanda Thompson,33,Forward,1986-05-28,Mayotte
756,Joseph Salas,33,Defender,1989-06-29,Tanzania
757,Christopher Barker,33,Midfielder,1985-05-17,Qatar
758,Nichole Rivera,33,Goalkeeper,2001-06-09,Holy See (Vatican City State)
759,Joseph Weber,33,Goalkeeper,1985-03-28,Saudi Arabia
760,David Duncan,34,Midfielder,1991-11-29,Turks and Caicos Islands
761,Alfred Brown,34,Midfielder,2000-12-16,Nepal
762,Michelle Johnson,34,Forward,1990-11-16,Guernsey
763,Cynthia Briggs,34,Goalkeeper,2007-12-07,Swaziland
764,Elizabeth Mcmillan,34,Forward,1995-12-24,Liberia
765,Shawn Reyes,34,Midfielder,2004-03-26,Myanmar
766,Luke Best,34,Defender,1997-09-29,United States Virgin Islands
767,Cynthia Smith,34,Defender,2001-07-04,Macao
768,Jacob Frey,34,Defender,1988-05-14,Macao
769,Maria Serrano,34,Forward,2001-07-31,Peru
770,Crystal Martinez,34,Forward,1985-07-08,French Polynesia
771,Jennifer Hill,34,Defender,2006-09-02,Niger
772,Brian Little,34,Midfielder,2000-11-09,Tokelau
773,Cassie Martin,34,Midfielder,1984-10-16,Timor-Leste
774,Stephanie Donovan,34,Forward,1989-02-08,Netherlands Antilles
775,Stephanie Grant,34,Forward,1997-10-24,San Marino
776,Amanda Lang,34,Defender,1984-06-11,Italy
777,Ms. Shannon Kramer,34,Goalkeeper,1988-10-11,Turks and Caicos Islands
778,Michele Nguyen,34,Goalkeeper,2008-04-06,Tuvalu
779,Clayton Mayer,34,Forward,1991-05-23,Burundi
780,Craig Robinson,34,Midfielder,1996-08-11,Argentina
781,Teresa Gray,34,Midfielder,1992-04-13,Congo
782,John Garner,34,Forward,2003-01-30,Spain
783,Jay Kirby,35,Forward,1985-11-12,Dominican Republic
784,Stephen Foster,35,Defender,1994-12-01,South Africa
785,Tiffany Smith,35,Defender,1991-12-30,Austria
786,Heather Cooper,35,Goalkeeper,2002-05-04,Qatar
787,Bryan Thompson,35,Forward,2001-05-30,Ghana
788,Carlos Hodge,35,Forward,1991-03-25,Saudi Arabia
789,Roger Cameron,35,Goalkeeper,1992-04-25,Togo
790,Matthew Robinson,35,Goalkeeper,1987-06-19,Bermuda
791,Theresa Jimenez,35,Midfielder,1985-11-13,Bulgaria
792,Matthew Brown,35,Midfielder,1999-12-13,Guam
793,Chris Sosa,35,Defender,1992-05-06,Suriname
794,Katherine Kirk,35,Forward,2001-10-24,Guadeloupe
795,Caleb Rangel,35,Forward,1999-12-11,Burundi
796,Paula Torres,35,Midfielder,1998-09-30,Somalia
797,Michele Kim,35,Forward,1995-02-10,Pitcairn Islands
798,Nicole Brown,35,Defender,1996-02-14,Japan
799,Carlos Bates,35,Midfielder,2002-07-26,Saint Vincent and the Grenadines
800,Ricky Wright,35,Forward,1989-02-02,Burundi
801,Michael Barron,35,Forward,2000-06-26,American Samoa
802,Steven Acevedo,35,Midfielder,1985-10-13,Burkina Faso
803,Douglas Solomon,35,Forward,2006-02-18,Suriname
804,Donna Mathews,35,Midfielder,1987-08-15,Barbados
805,Chelsey Juarez,35,Goalkeeper,1993-06-20,Comoros
806,Sandra Moore,36,Goalkeeper,1987-07-25,Burkina Faso
807,Kristen Ponce,36,Forward,2007-03-15,British Indian Ocean Territory (Chagos Archipelago)
808,Maria Wall,36,Forward,1988-11-04,Hong Kong
809,Selena Serrano,36,Midfielder,1986-12-18,Somalia
810,Logan Tapia,36,Defender,1994-12-08,Russian Federation
811,Sarah Nelson,36,Midfielder,1986-01-20,Liechtenstein
812,Alejandra Rose,36,Goalkeeper,1985-10-09,Nicaragua
813,Lisa Aguirre,36,Forward,1992-08-30,United Arab Emirates
814,Jeffrey White,36,Midfielder,2002-03-29,Macao
815,Thomas Roberts,36,Goalkeeper,2008-02-05,Albania
816,Amber Arnold,36,Forward,1992-12-14,Gambia
817,Jeffery Sanders,36,Goalkeeper,1993-06-25,Bouvet Island (Bouvetoya)
818,Cynthia Anderson,36,Defender,2005-12-27,Tajikistan
819,Judy Wagner,36,Midfielder,1999-04-18,Armenia
820,Michael Young,36,Defender,2008-02-09,Venezuela
821,Christopher Miles,36,Midfielder,2003-03-13,Bangladesh
822,Nathan Martin,36,Goalkeeper,2008-04-27,Paraguay
823,Lauren Hall DDS,36,Goalkeeper,1992-02-03,Macao
824,Jordan Lewis,36,Forward,2001-10-02,Czech Republic
825,Christian Miller,36,Midfielder,1991-04-17,Isle of Man
826,Julie Montgomery,36,Defender,1990-08-04,Uruguay
827,Steven Kim,36,Goalkeeper,2006-09-29,Seychelles
828,Sophia Williams,36,Forward,2002-10-04,Guernsey
829,Margaret Oconnor,37,Midfielder,1991-09-07,Japan
830,Kimberly Sims,37,Goalkeeper,1992-02-22,Greenland
831,Jennifer Franklin,37,Defender,2004-12-25,Lithuania
832,Christopher Evans,37,Goalkeeper,2006-07-27,Ecuador
833,Joyce Taylor,37,Goalkeeper,1989-10-14,Norway
834,Jacqueline Bryan,37,Midfielder,2007-03-04,New Zealand
835,Michelle Johnson,37,Goalkeeper,1998-05-24,Slovakia (Slovak Republic)
836,Candice Mercer,37,Defender,1990-10-07,Panama
837,Jacqueline Nelson,37,Goalkeeper,1988-02-07,Myanmar
838,Troy Jones,37,Midfielder,2001-11-24,Isle of Man
839,Mr. James Morales,37,Forward,2005-12-15,Iceland
840,Seth Day,37,Forward,2004-01-16,Slovakia (Slovak Republic)
841,Miss Jennifer Terrell,37,Midfielder,1999-02-05,Christmas Island
842,Brian Evans,37,Defender,2004-11-24,Latvia
843,Mark Ramos,37,Goalkeeper,2004-04-08,New Caledonia
844,Eric Olsen,37,Midfielder,2000-05-05,Guyana
845,Mr. Anthony Little,37,Midfielder,1987-10-13,Cocos (Keeling) Islands
846,Joshua Lewis,37,Midfielder,1989-03-07,Azerbaijan
847,Manuel Campbell,37,Forward,1990-05-12,Jersey
848,Jennifer Williams,37,Defender,2002-05-04,Christmas Island
849,Timothy Kim,37,Forward,1985-07-26,Tuvalu
850,Amy Davies,37,Midfielder,1990-11-22,Nauru
851,Mrs. Nancy Wilkerson,37,Midfielder,1994-01-01,Hungary
852,Katrina Smith,38,Goalkeeper,1986-05-16,Lithuania
853,Julie Ortega,38,Defender,1990-07-31,Gambia
854,Henry Jones,38,Goalkeeper,1990-12-03,Japan
855,Angela Giles,38,Forward,1997-10-09,Philippines
856,Jonathan Hines,38,Forward,1997-10-30,Bouvet Island (Bouvetoya)
857,Hunter Gilbert,38,Midfielder,1994-01-14,Montserrat
858,Joseph Wilson MD,38,Defender,2001-10-13,South Georgia and the South Sandwich Islands
859,Brian Watson,38,Defender,1989-01-09,Ethiopia
860,Christine Zuniga,38,Midfielder,1984-05-13,Libyan Arab Jamahiriya
861,David Wagner,38,Midfielder,2006-07-13,Madagascar
862,Stephanie Robinson,38,Defender,2006-04-24,Tanzania
863,Ricky Brown,38,Midfielder,2001-01-22,Benin
864,Jason Gonzalez,38,Forward,2007-09-22,Pakistan
865,Mary Perry,38,Midfielder,1989-03-27,Mauritania
866,Timothy Simmons DVM,38,Goalkeeper,1985-01-29,Slovakia (Slovak Republic)
867,John Young,38,Forward,1999-10-22,Cocos (Keeling) Islands
868,Yvette Hartman,38,Midfielder,2001-12-21,Liechtenstein
869,Joseph Nicholson,38,Midfielder,2003-06-25,China
870,Miranda Beck,38,Midfielder,1985-06-01,Ireland
871,Rita Cantrell,38,Defender,1994-04-15,Sri Lanka
872,Jason Anderson,38,Forward,1995-08-25,Malawi
873,Donna Rosario,38,Goalkeeper,1987-01-25,Mali
874,Luis Simmons,38,Forward,1985-12-08,Tokelau
875,Lindsey Wilcox,39,Goalkeeper,2003-05-10,Wallis and Futuna
876,Olivia Martin,39,Defender,1986-01-22,Montenegro
877,Regina Beasley,39,Midfielder,2002-07-15,Macao
878,Ashley Rice,39,Defender,1995-10-23,Marshall Islands
879,Alison Ewing,39,Forward,1991-07-10,Yemen
880,Sarah Reyes,39,Goalkeeper,1985-06-27,Lesotho
881,Billy Strong,39,Forward,1988-12-23,Brunei Darussalam
882,Tom Rojas,39,Midfielder,2006-04-05,Brazil
883,Craig Mccoy,39,Goalkeeper,2005-08-15,Mexico
884,Jorge Atkinson,39,Midfielder,2004-09-22,Malta
885,Jonathan Thomas,39,Forward,2004-05-31,Antarctica (the territory South of 60 deg S)
886,Andrew Daniel,39,Forward,2006-07-02,Togo
887,Lisa Shaw,39,Forward,1990-04-20,Croatia
888,Amy Scott,39,Forward,1992-04-23,Guinea
889,Lisa Cisneros,39,Goalkeeper,2003-11-08,Korea
890,Valerie Reed,39,Midfielder,1999-01-29,Zambia
891,Mr. Wesley Evans MD,39,Midfielder,2002-05-23,Palestinian Territory
892,Madeline Wilson,39,Defender,2004-08-28,Tunisia
893,David Peck,39,Defender,1997-05-24,Christmas Island
894,Dawn Barton,39,Midfielder,2003-07-27,Congo
895,Bernard Boyd,39,Defender,2004-10-04,India
896,Andrew Alvarez,39,Goalkeeper,1998-03-08,Namibia
897,Jennifer Reed DVM,39,Goalkeeper,2004-05-31,Burundi
898,Terry Rodriguez,40,Forward,2001-04-02,Moldova
899,John Mcdonald,40,Goalkeeper,1991-09-03,Gabon
900,Katherine Martin,40,Goalkeeper,2002-12-16,Sao Tome and Principe
901,Danielle Shannon,40,Goalkeeper,1991-06-25,Anguilla
902,Melissa Woods,40,Forward,1998-05-28,Saint Kitts and Nevis
903,Michelle Young,40,Midfielder,1989-10-23,Nepal
904,Joe Ferguson,40,Goalkeeper,2000-02-08,Qatar
905,Laura Parker,40,Goalkeeper,1984-05-24,Grenada
906,Brian Johnson,40,Defender,2002-07-01,French Polynesia
907,Randy Davis,40,Forward,1991-08-07,Rwanda
908,Lisa Fowler,40,Midfielder,2001-12-09,Oman
909,Valerie Jones,40,Forward,2007-12-16,Peru
910,Krystal Miller,40,Midfielder,1998-10-05,Samoa
911,Brittney Marshall,40,Goalkeeper,1988-06-13,Mauritania
912,Eric Browning,40,Midfielder,1998-04-02,Heard Island and McDonald Islands
913,Calvin Smith,40,Midfielder,1999-02-22,Malaysia
914,Edwin Sparks,40,Forward,2007-10-14,Falkland Islands (Malvinas)
915,Heather Morgan,40,Midfielder,1991-07-29,Nauru
916,Brian Anderson,40,Midfielder,2005-10-10,Liechtenstein
917,Peter Moore,40,Forward,1998-11-11,Jordan
918,William Beck,40,Defender,1997-08-04,Armenia
919,Spencer Gutierrez,40,Goalkeeper,2004-05-27,Finland
920,Glenda Brock,40,Goalkeeper,2006-07-21,Peru
